id,Staðarlýsing,Breidd,Lengd
1,Krýsuvíkurvegamót,64.0269,-22.1091
2,Keflavíkurvegur,63.9998,-22.2464
3,Stapi,63.9618,-22.4505
4,Grænásvegamót,63.9798,-22.5616
5,,63.9770,-22.5574
6,,63.9730,-22.5405
7,Grófarhöfn,64.0075,-22.5567
8,Helguvík,64.0196,-22.5601
9,"Vegamót, Helguvík/Garður",64.0250,-22.5894
10,Garðskagi,64.0822,-22.6923
11,Sandgerði (suður),64.0290,-22.7008
12,Stafnesvegur,63.9878,-22.7339
13,Básendar,63.9696,-22.7418
14,Á Hafnavegi,63.9670,-22.5539
15,Stapafellsvegamót,63.9517,-22.5909
16,Sunnan við Hafnir,63.9255,-22.6851
17,Reykjanesvegur,63.8785,-22.6904
18,Nálægt Saltverksmiðju,63.8313,-22.6829
19,214gr 0.50km frá RN,63.8195,-22.6994
20,192gr 0.76km frá RN,63.8224,-22.7017
21,178gr 1.12km frá RN,63.8259,-22.7055
22,242gr 2.12km frá RN,63.8247,-22.6667
23,248gr 3.34km frá RN,63.8272,-22.6420
24,Berghraun,63.8194,-22.5632
25,Vegamót norðvestur Grindavík,63.8505,-22.4324
26,Siglubergsháls,63.8630,-22.3340
27,Latstögl,63.8497,-22.2073
28,Grindavíkurvegur,63.8843,-22.4211
29,Grindavíkurvegur,63.9047,-22.4211
30,Grindavíkurvegur,63.9201,-22.4206
31,Grindavíkurvegur,63.9375,-22.4272
32,Þrengslavegur,63.9925,-21.4641
33,Þrengslavegur,63.9458,-21.4044
34,Þrengslavegur,63.9359,-21.3968
35,Vegamót 38/39/390,63.9269,-21.3609
36,Vegamót 38/34,63.8917,-21.3646
37,Eyrarbakkavegur,63.8869,-21.2688
38,Austan við brú,63.8805,-21.1983
39,Selfossvegur,63.8690,-21.0996
40,Selfossvegur,63.9007,-21.0693
41,336gr 0.50km frá SE,63.9247,-21.0298
42,010gr 1.00km frá SE,63.9201,-21.0372
43,Skeiðavegamót,63.9533,-20.6983
44,Brjánsstaðavegamót,64.0022,-20.5493
45,Skarð (við hlið),64.0543,-20.3639
46,Flúðir,64.1389,-20.3275
47,Norðvestur-Skipholt   ,64.2280,-20.2498
48,Gýgjarhóll ,64.2899,-20.2316
49,Gullfoss,64.3259,-20.1312
50,"Kjalvegur, við flugvöll",64.3993,-20.0832
51,Sandvatnshlíðar,64.4616,-19.9863
52,Bláfellsháls,64.5088,-19.9145
53,Hvítárnesvegamót,64.5536,-19.7612
54,Fremri-Skúti,64.6178,-19.6705
55,Innri-Skúti,64.6765,-19.5357
56,Kjalvegur  ,64.7363,-19.4106
57,"Kjölur, við hringsjá",64.7935,-19.3552
58,Kjölur,64.8550,-19.3782
59,"Hveravellir, vegamót",64.8693,-19.5560
60,Norðan Dúfunesfells,64.9137,-19.4990
61,Suðaustan Sandkúlufells,64.9725,-19.5721
62,Kjalvegur / Hanskafell,65.0512,-19.6158
63,Norðaustan Sauðafells,65.1303,-19.6938
64,Áfangafell,65.1629,-19.7331
65,Skurðsvegamót,65.2369,-19.7041
66,Blönduvegur,65.2981,-19.7887
67,Blönduvegur,65.3655,-19.8040
68,Blöndudalur,65.4585,-19.8229
69,Vegamót við Svínavatn 731/F35,65.4934,-19.8757
70,Auðkúluvegamót,65.5094,-19.9424
71,Svínavatnsvegur,65.5608,-20.0966
72,Sauðanes,65.6265,-20.2143
73,346gr 0.95km frá BL,65.6777,-20.2883
74,346gr 0.49km frá BL,65.6819,-20.2908
75,219gr 0.50km frá BL,65.6897,-20.2861
76,210gr 1.00km frá BL,65.6940,-20.2823
77,197gr 1.05km frá BL,65.6953,-20.2864
78,191gr 0.81km frá BL,65.6931,-20.2898
79,Síða,65.6916,-20.2371
80,Skagaströnd,65.8265,-20.3228
81,Hraunsvegur,65.9208,-20.3468
82,Björg,65.9814,-20.3824
83,Selvíkurtangi,66.0546,-20.3976
84,Ásbúðavegamót,66.1144,-20.1773
85,050gr 1.16km frá SM,66.1129,-20.1178
86,028gr 1.54km frá SM,66.1073,-20.1147
87,353gr 3.28km frá SM,66.0903,-20.0897
88,339gr 10.7km frá SM,66.0298,-20.0123
89,338gr 19.0km frá SM,65.9620,-19.9390
90,Gönguskörð,65.8155,-19.8567
91,Heiði,65.7625,-19.7892
92,Sauðárkrókskirkjugarður,65.7476,-19.6515
93,Norðan Fagraness,65.8199,-19.6863
94,Reykjastrandarvegur,65.7932,-19.6770
95,Héraðsvötn eystri ,65.7378,-19.4126
96,153gr 0.49km frá HE,65.7547,-19.5239
97,087gr 1.00km frá HE,65.7503,-19.5409
98,073gr 3.00km frá HE,65.7430,-19.5818
99,Sæmundarhlíðarvegamót,65.6552,-19.5785
100,Ytra-Skörðugil,65.5904,-19.5026
101,348gr 0.50km frá LA,65.5723,-19.4858
102,338gr 1.00km frá LA,65.5685,-19.4802
103,317gr 2.00km frá LA,65.5635,-19.4588
104,Sprengisandsvegamót,65.5470,-19.4421
105,Vatnsdalur,65.5195,-19.6113
106,Ofan Bólstaðarhlíðar,65.5109,-19.7063
107,Ásavegur,65.5846,-20.3209
108,Vatnsdalur,65.5099,-20.3465
109,Víðidalur,65.4569,-20.5501
110,Víðidalur (suður),65.3675,-20.6491
111,Hvammstangavegamót,65.3525,-20.8848
112,Hrútafjarðarháls,65.2905,-21.0260
113,Hrútafjörður,65.2382,-21.0851
114,Staðarskáli,65.1478,-21.0598
115,Holtavörðuheiði (norður),65.0565,-21.0999
116,"Sæluhús, Holtavörðuheiði",64.9900,-21.0574
117,Norðurárdalur (norður),64.9232,-21.1197
118,Skarðshamarsvegamót,64.8432,-21.2773
119,Dýrastaðir,64.8216,-21.3908
120,Við Litlu kaffistofuna,64.0596,-21.5155
121,Skeiðavegamót,63.9529,-20.6977
122,Hamarshóll,63.9108,-20.6019
123,Fosshólavegamót,63.8950,-20.4783
124,Landvegur,63.9443,-20.3000
125,Landvegur,63.9956,-20.1785
126,Vatnagarðar,63.9949,-20.0003
127,Merkurhraun,64.0413,-19.8299
128,Landmannalaugavegamót,64.0923,-19.7476
129,Árskógar,64.1407,-19.5910
130,Hrauneyjar,64.1864,-19.3943
131,Sigölduvegur,64.2111,-19.2163
132,Ofan við Sigöldu,64.1842,-19.0950
133,Við Þórisvatn,64.2486,-18.9868
134,Vestan Þórisvatns,64.3082,-18.9762
135,Norðan Köldukvíslar,64.3660,-18.8448
136,Búðarhálsvegamót,64.4307,-18.8359
137,Versalir,64.4501,-18.7551
138,Jökulheimavegur,64.2559,-18.4489
139,Við Tungnaárjökul,64.3298,-18.1651
140,Ofan við Jökulheimaskála,64.3151,-18.2249
141,Jökulheimaskáli,64.3100,-18.2389
142,Við Hraunvötn,64.2138,-18.6639
143,Veiðivatnavegamót,64.1735,-18.8109
144,Vatnsfell,64.1977,-19.0004
145,Vestan Sauðafells,64.3350,-18.9335
146,Stóra Kjalalda,64.3978,-18.8118
147,Versalir,64.4511,-18.7517
148,Þveralda,64.4804,-18.6120
149,Svörtubotnar,64.5409,-18.4242
150,Kistualda,64.6064,-18.3788
151,Sprengisandur,64.6699,-18.2571
152,Sunnan Nýjadals,64.7227,-18.1136
153,Norðan Nýjadals,64.7440,-18.0636
154,Tómasarhagi,64.7763,-18.0157
155,Sunnan Fjórðungsöldu,64.8498,-18.0487
156,Vestan Fjórðungsöldu,64.8828,-18.1227
157,Norðan Bergvatnskvíslar,64.9076,-18.2797
158,Við Jökulkvísl,64.9747,-18.3162
159,Við Hnjúkskvísl,65.0438,-18.3872
160,Norðan Jökulsár,65.0722,-18.5141
161,Reyðarfell,65.1258,-18.5945
162,Stafnsvötn,65.1780,-18.7359
163,Giljamúli,65.1977,-18.8606
164,Þorljótsstaðir,65.2088,-18.9288
165,Hof,65.2884,-19.0373
166,Tunguháls,65.3807,-19.2178
167,Mælifell,65.4419,-19.3203
168,Reykjavellir,65.4955,-19.3889
169,Vegamót við Varmahlíð 1/752,65.5471,-19.4413
170,Vegamót Hofsós/Varmahlíð 1/76,65.5514,-19.3465
171,Sunnuhvoll,65.4747,-19.2723
172,Silfrastaðir,65.4391,-19.1932
173,Norðurárdalur,65.4446,-19.0148
174,Öxnadalsheiði,65.4641,-18.8688
175,Öxnadalsheiði (austast),65.4687,-18.7064
176,Hörgárdalur,65.5039,-18.6169
177,Hraun,65.5845,-18.5351
178,Hörgárdalsvegamót,65.6841,-18.4086
179,Háls,65.9506,-18.4698
180,Syðri-Hagi,65.9017,-18.2890
181,133gr 4.35km frá HJ,65.8756,-18.2643
182,,65.8434,-18.2024
183,Syðri-Bakki,65.8294,-18.2055
184,Skipalón,65.7795,-18.1804
185,Glæsibær,65.7541,-18.1741
186,221gr 0.86km frá SKV,65.7420,-18.1702
187,001gr 0.50km frá SKV,65.7330,-18.1792
188,013gr 0.75km frá SKV,65.7310,-18.1827
189,119gr 1.00km frá SKV,65.7419,-18.1981
190,091gr 0.56km frá SKV,65.7376,-18.1914
191,"Akureyri, nyrst",65.7002,-18.1435
192,154gr 0.50km frá HV,65.6394,-18.0724
193,162gr 1.00km frá HV,65.6439,-18.0739
194,180gr 3.82km frá HV,65.6697,-18.0671
195,Svalbarðseyri,65.7434,-18.0892
196,357gr 1.22km frá AR,65.7451,-18.0881
197,334gr 1.00km frá AR,65.7480,-18.0800
198,Kristnes,65.5930,-18.0784
199,Norðan við Grund,65.5264,-18.1492
200,101gr 0.50km frá TO,65.5013,-18.1618
201,097gr 1.00km frá TO,65.5014,-18.1728
202,035gr 2.00km frá TO,65.4856,-18.1758
203,Nes,65.4149,-18.2406
204,245gr 0.61km frá NB,65.3283,-18.2819
205,256gr 0.65km frá NB,65.3275,-18.2801
206,,65.3236,-18.3031
207,057gr 0.50km frá NB,65.3235,-18.3028
208,057gr 1.00km frá NB,65.3211,-18.3120
209,Hólsgerði,65.3042,-18.2581
210,Hálendi,65.2283,-18.2346
211,Hálendisbrún Eyjafirði,65.1525,-18.1834
212,Geldingsárdrög,65.0970,-18.1350
213,Vegur F881,65.0373,-18.0893
214,Vegur F881,65.0199,-17.9585
215,Kiðagilsdrög,65.0677,-17.8232
216,Fremrimosar,65.1199,-17.5602
217,Ytrimosar,65.2255,-17.4027
218,Hrafnabjörg,65.3292,-17.3529
219,Mjóadalsá (mýri),65.3789,-17.3680
220,Skjálfandafljótsbrú,65.4938,-17.4518
221,Bárðardalur,65.5949,-17.5017
222,Fljótsdalsheiði,65.7132,-17.4904
223,Reynisdalur,65.7693,-17.4134
224,Hraunbær,65.8551,-17.4135
225,253gr 0.50km frá GA,65.8793,-17.4523
226,213gr 1.00km frá GA,65.8856,-17.4510
227,139gr 1.00km frá GA,65.8844,-17.4778
228,197gr 2.00km frá GA,65.8950,-17.4497
229,260gr 0.50km frá HS,65.9279,-17.4278
230,277gr 1.00km frá HS,65.9261,-17.4167
231,Skarðaás,65.9242,-17.4127
232,160gr 1.00km frá HS,65.9356,-17.4460
233,184gr 2.00km frá HS,65.9451,-17.4353
234,Langavatn,65.8381,-17.2931
235,Hólasandur nyrst,65.7628,-17.1598
236,Hólasandur syðst,65.6841,-17.0181
237,353gr 0.50km frá RL,65.6202,-16.9187
238,348gr 1.00km frá RL,65.6159,-16.9157
239,001gr 2.00km frá RL,65.6067,-16.9207
240,012gr 4.00km frá RL,65.5894,-16.9374
241,189gr 0.50km frá RL,65.6291,-16.9185
242,Flugvöllur,65.6532,-16.9197
243,Austaraselsheiði,65.6537,-16.6131
244,Borgarmelur,65.6377,-16.2997
245,Dyngjufjöll 1097m hæð,65.0672,-16.7249
246,Vikursandur,65.0507,-16.4762
247,Vestan Upptyppinga,65.0357,-16.3263
248,Grjót,64.9429,-16.3470
249,Við Háafell,64.8570,-16.4464
250,Sunnan Kverkhnjúkaskarðs,64.8279,-16.4928
251,Austan Dyngjujökuls,64.7776,-16.5922
252,Við Kverkjökul,64.7339,-16.6662
253,"Kverkfjöll, flugbraut",64.7521,-16.6372
254,"Hvannalindir, syðst",64.8358,-16.4065
255,"Hvannalindir, austast",64.8679,-16.2872
256,"Krepputunga, nyrst",65.0910,-16.1896
257,SV Þríhyrningsá ,65.1102,-15.9917
258,Dyngjuháls,65.2036,-15.8999
259,Hvanná,65.2948,-15.8970
260,Möðrudalur,65.3728,-15.8802
261,Framland,65.4830,-15.9615
262,Grímsstaðanúpur,65.5602,-16.0252
263,Vegamót 1/864/F88,65.6459,-16.1247
264,Sveinahraun,65.6579,-16.4800
265,Austan Námaskarðs,65.6490,-16.7601
266,Útsýnisplan Námaskarði,65.6422,-16.8330
267,260gr 3.42km frá RL,65.6302,-16.8467
268,230gr 2.49km frá RL,65.6390,-16.8784
269,215gr 1.95km frá RL,65.6390,-16.8957
270,200gr 1.81km frá RL,65.6400,-16.9069
271,180gr 2.33km frá RL,65.6456,-16.9202
272,165gr 3.43km frá RL,65.6545,-16.9390
273,150gr 4.40km frá RL,65.6590,-16.9675
274,135gr 4.51km frá RL,65.6532,-16.9899
275,120gr 4.25km frá RL,65.6438,-17.0003
276,105gr 4.17km frá RL,65.6344,-17.0077
277,090gr 4.86km frá RL,65.6248,-17.0259
278,075gr 8.29km frá RL,65.6053,-17.0942
279,060gr 9.73km frá RL,65.5808,-17.1031
280,Vestan Skútustaða,65.5726,-17.0850
281,045gr 8.58km frá RL,65.5705,-17.0528
282,030gr 7.98km frá RL,65.5628,-17.0078
283,015gr 8.19km frá RL,65.5537,-16.9666
284,356gr 3.64km frá RL,65.5920,-16.9131
285,000gr 1.87km frá RL,65.6079,-16.9201
286,345gr 1.77km frá RL,65.6094,-16.9101
287,315gr 2.33km frá RL,65.6098,-16.8843
288,302gr 2.44km frá RL,65.6131,-16.8748
289,330gr 2.27km frá RL,65.6070,-16.8956
290,Dældarás,65.6964,-16.2839
291,,65.7834,-16.3510
292,Brattifjallgarður,65.3203,-15.6640
293,Grjótgarðsháls,65.2918,-15.4578
294,Arnórsstaðamúli,65.2938,-15.2211
295,Teigur í Jökuldal,65.3570,-14.9084
296,Hauksstaðir,65.3843,-14.7041
297,Brúarás,65.4385,-14.6071
298,Kirkjubær,65.5107,-14.4122
299,Tjarnarland,65.5644,-14.2969
300,Ártún,65.4708,-14.3069
301,2km frá EDR (möstrin sjást),65.3554,-14.3498
302,3km frá EDR (möstrin sjást),65.3464,-14.3530
303,4km frá EDR (möstrin sjást),65.3377,-14.3572
304,5km frá EDR (möstrin sjást),65.3286,-14.3580
305,0.63km frá BR,65.3314,-14.3594
306,1.00km frá BR ,65.3385,-14.3561
307,2.00km frá BR,65.3487,-14.3525
308,1.00km frá BR,65.3260,-14.3583
309,6km frá EDR (möstrin sjást),65.3196,-14.3598
310,8km frá EDR,65.3016,-14.3611
311,10km frá EDR,65.2838,-14.3680
312,018gr 0.50km frá ES,65.2342,-14.4556
313,023gr 1.00km frá ES,65.2302,-14.4606
314,024gr 2.00km frá ES,65.2221,-14.4697
315,Fjarðarheiði (nálægt skíðabrekku),65.2691,-14.4659
316,Eyjólfsstaðir,65.2758,-14.3055
317,Eyjólfsstaðir,65.1920,-14.4972
318,,65.1262,-14.5433
319,Sandfellshöfðar,65.1195,-14.5568
320,Arnhólsstaðir,65.0421,-14.5851
321,,64.9253,-14.6453
322,Breiðdalsheiði,64.9072,-14.6035
323,Vegamót 1/964,64.8023,-14.1366
324,Streitishvarf,64.7330,-13.9882
325,Berunes,64.6946,-14.2038
326,,64.7704,-14.4655
327,,64.6481,-14.2788
328,,64.6459,-14.2810
329,Krossanes,64.6191,-14.4105
330,Leiruvogur,64.5451,-14.5935
331,Þvottá,64.5011,-14.4812
332,Stigafjöll,64.4460,-14.9450
333,Volasel,64.3722,-14.9235
334,Efrifjörður,64.3094,-14.9859
335,Almannaskarð,64.2848,-15.0377
336,Austan Skarðsfjarðar,64.2690,-15.0278
337,,64.2696,-15.2032
338,,64.2761,-15.2003
339,Hólar,64.2938,-15.1884
340,,64.3545,-15.2556
341,Hoffellsjökull,64.4182,-15.3985
342,Bollastaðir,63.9435,-20.8598
343,Helluflugvöllur,63.8338,-20.3801
344,Hvolsvöllur,63.7439,-20.2332
345,Affallsflugvöllur,63.6788,-20.1581
346,Markarfljótsbrú,63.6172,-20.0173
347,Írá,63.5645,-19.8416
348,Austan Holtsóss,63.5192,-19.6915
349,Skógar,63.5202,-19.5223
350,Skógafjara,63.4929,-19.5586
351,Sólheimahjálega,63.4846,-19.3356
352,Dyrhólaey 115m,63.4038,-19.1295
353,Dyrhólaey  34m,63.4115,-19.1300
354,Hvammból,63.4327,-19.1715
355,Vík,63.4147,-19.0029
356,Hjörleifshöfði,63.4393,-18.7706
357,Mýrdalssandur,63.4730,-18.5796
358,Skálm,63.5449,-18.4519
359,Kúðafljót,63.6210,-18.4478
360,Melhóll,63.5784,-18.2673
361,101gr 0.50km frá SR,63.5188,-17.9889
362,106gr 1.00km frá SR,63.5205,-17.9983
363,106gr 2.00km frá SR,63.5230,-18.0177
364,107gr 4.00km frá SR,63.5285,-18.0559
365,113gr 8.00km frá SR,63.5462,-18.1273
366,Sunnan Bakkakots,63.5478,-18.1586
367,Syðri Fljótar,63.6161,-18.0268
368,174gr 16.0km frá SR,63.6605,-18.0143
369,Ytra Hraun,63.7141,-17.9968
370,Sunnan Kirkjubæjarklausturs,63.7903,-18.0311
371,Dverghamrar,63.8501,-17.8603
372,Teygingarlækur,63.8804,-17.7603
373,Djúpá,63.9471,-17.6401
374,Núpsvötn,63.9561,-17.4714
375,Skeiðarársandur,63.9386,-17.2697
376,Skeiðará,63.9751,-17.0163
377,Skaftafellsjökull,64.0068,-16.9388
378,Sandfell,63.9273,-16.7899
379,Hofsnes,63.8789,-16.6645
380,Kvíá,63.9378,-16.4338
381,Fjallsá,64.0146,-16.3705
382,Jökulsá (30m frá sjó),64.0477,-16.1640
383,Hvalsnes,64.4036,-14.5418
384,Reyðará,64.4178,-14.7522
385,Innan við Stafafell,64.4346,-14.9013
386,Þveit,64.3393,-15.2459
387,Viðborðsfjall,64.3438,-15.5071
388,Skálafellsjökull,64.2755,-15.6427
389,Smyrlabjörg,64.2241,-15.6927
390,Leiti,64.1775,-15.8754
391,Fellsárbrú,64.1177,-16.0811
392,Sunnan Lómagnúps,63.9568,-17.5164
393,Hurðarbök,63.8518,-18.2221
394,Lauffell,63.9454,-18.2239
395,Laki,64.0740,-18.2626
396,Galti,64.0088,-18.2642
397,Skál,63.7235,-18.2328
398,Fjallabaksvegamót,63.6717,-18.4031
399,Smáfjöll,63.7424,-18.5174
400,Fjallabaksvegur,63.8240,-18.5813
401,Bláfjall,63.9168,-18.6179
402,Tindafjall,63.9821,-18.7662
403,Landmannalaugar,63.9902,-19.0577
404,Frostastaðavatn,64.0133,-19.0454
405,Mógilshöfðar,64.0319,-19.1175
406,Landmannahellir,64.0551,-19.2694
407,Valahnúkar,64.0819,-19.5565
408,Sauðafell,64.0870,-19.6859
409,Þjórsá,64.1603,-19.6122
410,Ofan við Búrfellsstöð,64.1055,-19.8252
411,Búrfellsstöð,64.1168,-19.8123
412,Hagi,64.0647,-20.0711
413,Árnes,64.0412,-20.2557
414,Fosshóll,65.6907,-17.5544
415,Fljótsheiði,65.7270,-17.4723
416,Másvatn,65.6416,-17.2602
417,Þríhyrningsfjallgarður,65.1510,-15.7390
418,Ofan við Brú,65.1341,-15.5858
419,Háls ofan við Hrafnkelsdal,64.9732,-15.5585
420,Maríutungur - við jökul,64.6693,-15.7253
421,Maríutungur - hæð,64.6741,-15.7342
422,Þjófahnúkar,64.7260,-15.6953
423,Snæfell,64.8179,-15.6241
424,"Austurleið, vegamót",64.8956,-15.5245
425,Þrælaháls,64.9600,-15.2936
426,Gilsárvötn,65.0257,-15.1336
427,Klifá,65.0766,-14.8030
428,Mjónes,65.1487,-14.6473
429,1km frá EDR,65.3646,-14.3491
430,1km frá EDR,65.3818,-14.3407
431,2km frá EDR,65.3907,-14.3361
432,4km frá EDR,65.4085,-14.3302
433,6km frá EDR,65.4263,-14.3232
434,8km frá EDR,65.4440,-14.3175
435,,65.4294,-14.3231
436,Hólmatunguvegamót,65.6277,-14.4388
437,Hellisheiði (syðst),65.7141,-14.4339
438,Hellisheiði (nyrst),65.7282,-14.5041
439,Hofsárbrú,65.7073,-14.8541
440,2km 010gr frá VP,65.6983,-14.8618
441,4km 014gr frá VP,65.6815,-14.8756
442,8km 028gr frá VP,65.6530,-14.9366
443,1.06km 152gr frá HA,65.6380,-15.0518
444,Teigur,65.6472,-15.0325
445,4.00km 205gr frá HA,65.6621,-15.0040
446,8.08km 213gr frá HA,65.6904,-14.9459
447,1km 143gr frá VP,65.7235,-14.8668
448,2km 174gr frá VP,65.7342,-14.8590
449,Sandvíkurheiði,65.8536,-14.8115
450,0.5km 040gr frá SK,65.9000,-14.6550
451,1.0km 038gr frá SK,65.8963,-14.6614
452,2.0km 038gr frá SK,65.8893,-14.6752
453,8.0km 043gr frá SK,65.8505,-14.7669
454,Staðarheiði,65.9654,-14.8478
455,Miðfjörður,66.0333,-15.1008
456,0.5km 268gr frá TH,66.2526,-15.2504
457,1.0km 266gr frá TH,66.2531,-15.2392
458,2.0km 019gr frá TH,66.2354,-15.2759
459,4.0km 035gr frá TH,66.2232,-15.3133
460,Gunnarsstaðir,66.1471,-15.4287
461,Svalbarð,66.2068,-15.6698
462,Kollavík,66.2987,-15.8372
463,Sveinungsvíkurvegamót,66.4001,-15.8780
464,Hraunhafnartangi,66.5248,-16.0263
465,Sigurðarstaðir,66.4884,-16.3035
466,Leirhöfn,66.3879,-16.5058
467,Kópasker,66.3169,-16.4239
468,Núpur,66.1536,-16.4540
469,Ærlækur,66.0869,-16.4318
470,Austara Land,66.0127,-16.4184
471,Réttarfoss,65.8691,-16.3806
472,Hólselsmelar,65.7245,-16.3320
473,Selás,65.3461,-14.4973
474,Uppsalir,65.2789,-14.3703
475,Skáli,64.7579,-14.3861
476,Djúpivogur,64.6547,-14.3349
477,Hofsárbrú,64.5452,-14.5937
478,Fagurhólsmýri (leirur),63.8637,-16.6407
479,Ystabælisfjara,63.5139,-19.6738
480,Fornusandar,63.5595,-19.9725
481,Steinsholtsá,63.6843,-19.6072
482,Langanes,63.6864,-19.7039
483,Illagil,63.6775,-19.8048
484,Stóra Mörk,63.6716,-19.8964
485,Neðri Dalur,63.6354,-19.9666
486,Þingvallaútsýnisplan,64.2111,-21.2606
487,Þingvallahlið,64.2781,-21.0994
488,Tröllháls,64.3729,-21.0116
489,Reyðarvatn,64.4698,-20.9313
490,Kaldidalur (varða),64.5762,-20.8062
491,Kaldidalur (nyrst),64.6591,-20.7094
492,Surtshellir,64.7749,-20.7243
493,Norðlingafljót,64.8515,-20.5622
494,Húsafell,64.7011,-20.8704
495,Stóriás,64.6951,-21.0493
496,Arnhólsstaðir,64.6924,-21.2405
497,Deildartunga,64.6717,-21.4140
498,Baulan (bílaplan),64.6743,-21.6651
499,Hreðavatnsskáli,64.7677,-21.5429
500,Grjótháls,64.7940,-21.3899
501,Háheiði,64.8686,-21.5161
502,Fellsendi,64.9750,-21.5628
503,Harrastaðagil,65.0330,-21.7291
504,Dunká,65.0127,-21.9617
505,Hvammsfjörður,65.0259,-22.1682
506,Valshamar,65.0448,-22.3640
507,Stóri Langidalur,65.0148,-22.5639
508,Stykkishólmsvegamót,64.9977,-22.7600
509,Bjarnarhafnarfjall,64.9671,-22.9614
510,Kverná,64.9219,-23.2344
511,Neðri Tunga,64.9159,-23.5219
512,Ólafsvík,64.8921,-23.6777
513,Ingjaldshóll,64.9161,-23.8549
514,Beruvík,64.8152,-23.9543
515,Öxl,64.8236,-23.4380
516,Fróðárheiði,64.8473,-23.4824
517,Hellnar,64.7508,-23.6460
518,Hraunsmúli,64.8204,-23.1828
519,Staðarstaður,64.8310,-22.9765
520,Miðhraun,64.8480,-22.6690
521,Laxá,64.8380,-22.5695
522,Hjarðarfellsdalur,64.9224,-22.8009
523,Gerðuberg,64.8465,-22.3689
524,Heydalsheiði,64.9547,-22.2374
525,Hítará,64.7307,-22.1836
526,Bretavatn,64.6758,-22.0712
527,Brókarvatn,64.6021,-22.0268
528,Kotasæla,64.6344,-21.7690
529,Borgarnes,64.5577,-21.8968
530,Langavatn,64.1202,-21.6781
531,Mosfellsheiði,64.1044,-21.5450
532,Háhryggur,64.1116,-21.2827
533,Hellisvík,64.1243,-21.0795
534,Hreppamörk,64.1515,-21.0314
535,Mjónes,64.1838,-21.0924
536,Lyngdalsheiðarvegamót,64.2302,-21.0515
537,Valhöll,64.2510,-21.1292
538,Bær,64.6096,-21.5500
539,Snartarstaðir,64.5404,-21.3663
540,Reykir,64.4934,-21.1751
541,Uxahryggir,64.4350,-20.9879
542,Bláskógaheiði,64.4409,-20.8627
543,Norðan Skjaldbreiðar,64.4471,-20.6999
544,Tjaldafell,64.4498,-20.6520
545,Hlöðufell,64.4560,-20.5205
546,Mosaskarðsfjall,64.4373,-20.3327
547,Sandvatn,64.4005,-20.2136
548,Kotlaugar,64.1764,-20.2856
549,Austan Húsatófta,64.0325,-20.4642
550,Kílhraun,63.9722,-20.6082
551,Norðan Hellatúns,63.8496,-20.5686
552,Sandhólaferja,63.8256,-20.6746
553,Háfur,63.7814,-20.7051
554,Þykkvibær,63.7486,-20.6004
555,Þverármynni,63.7801,-20.4758
556,Gunnarsholt,63.8574,-20.2166
557,Brekknaheiði,63.8899,-20.0876
558,Pálsteinshraun,63.9195,-20.0045
559,Haukadalsvegamót,63.9514,-19.9890
560,Múli,64.2697,-20.3527
561,Efri Reykir,64.2399,-20.5168
562,Laugarvatn,64.2208,-20.7303
563,Vestan Laugarvatns (hæð),64.2110,-20.7811
564,Lyngdalsheiði,64.2173,-20.9501
565,Efra Apavatn,64.1663,-20.7185
566,Skálholt,64.1225,-20.5081
567,Vegamót 35/37,64.1065,-20.7024
568,Seyðishólar,64.0515,-20.8444
569,Öndverðarnes,64.0134,-20.9520
570,Írafoss,64.0861,-20.9874
571,Litla Sauðafell,64.2088,-21.3799
572,Seljabrekka,64.1828,-21.5724
573,Mosfellsbær,64.1673,-21.6931
574,Seltjarnarnes (útsýnisplan),64.1612,-22.0153
575,Kjalarnes (yst),64.2339,-21.9040
576,Miðdalsvegamót 47/460,64.3299,-21.6540
577,Hvalstöð,64.3946,-21.4429
578,Vegamót 1/47,64.3869,-21.8443
579,Norðan Fiskilækjar,64.4439,-21.9589
580,Bjarg Borgarnesi,64.5508,-21.9001
581,Gulá,64.6101,-21.8139
582,Svignaskarð,64.6698,-21.6984
583,Hrauná,64.7461,-21.5802
584,Bjarnadalsá,64.7987,-21.4729
585,Norðurárdalur,64.8949,-21.1889
586,Holtavörðuheiði (nyrst),65.0798,-21.0967
587,Brautarholt,65.2020,-21.0615
588,Fjarðarhorn,65.1655,-21.0954
589,Laxárdalur (vegamót),65.1805,-21.4933
590,Prestsbakki,65.3107,-21.1975
591,Bitrufjarðarbotn,65.4395,-21.4685
592,Hvítahlíð,65.4846,-21.3861
593,Kollafjarðarbotn,65.5575,-21.4776
594,Hólmavík,65.7059,-21.6634
595,Drangsnes (vegamót),65.7676,-21.7938
596,Steingrímsfjarðarheiði (sæluhús),65.7510,-22.1294
597,Tyrðilmýri,66.1082,-22.6121
598,Kaldalón,66.0763,-22.4755
599,Melgraseyri,66.0222,-22.4559
600,Blævardalsstöð,65.9738,-22.3830
601,Flugvöllur,65.9030,-22.3658
602,Eyrarfjall (sæluhús),65.8029,-22.6000
603,Garðstaðir,66.0450,-22.7172
604,Bolungarvík,66.1469,-23.2412
605,Ísafjörður,66.0622,-23.1753
606,Flateyrarvegamót,66.0151,-23.4030
607,Flateyri,66.0528,-23.5169
608,Lambadalur,65.8578,-23.2954
609,Þingeyri,65.8767,-23.4878
610,Hrafnseyrarheiði,65.8068,-23.4344
611,Auðkúluvegamót,65.7600,-23.4695
612,Tjaldanes,65.7583,-23.5475
613,Dynjandisheiði,65.7094,-23.2051
614,Bíldudalur (vegamót),65.6338,-23.2461
615,Sunnnes,65.6430,-23.4715
616,Selárd.flugvöllur,65.7790,-23.9977
617,Bíldudalur,65.6761,-23.6143
618,Tunguheiði,65.6440,-23.7116
619,Tálknafjörður,65.6241,-23.8157
620,Botnaheiði,65.5810,-23.8557
621,Patreksfjörður,65.5895,-23.9745
622,Látraheiði,65.5584,-24.2477
623,Látravík,65.5073,-24.5140
624,Hvallátur,65.5251,-24.4627
625,Keflavíkurbjarg,65.5009,-24.2857
626,Patreksfjarðarflugvöllur (vegamót),65.5534,-23.9738
627,Saurbær (á smáhæð),65.4753,-23.9893
628,Saurbær (á sléttu),65.4762,-23.9926
629,Stórhæð,65.4938,-23.9614
630,Kleifaheiði,65.5132,-23.7081
631,Skjaldvararfoss,65.4827,-23.4774
632,Hamar,65.5096,-23.3620
633,Rauðsdalur,65.4871,-23.2618
634,Vatnsdalsvatn,65.5893,-23.1260
635,Kjálkafjörður,65.5931,-22.9609
636,Skálmarnes (vegamót),65.6079,-22.7704
637,Háheiðin,65.6622,-22.5897
638,Skálanes,65.5069,-22.4578
639,Hjallaháls,65.5710,-22.2097
640,Mýrartunga,65.5174,-21.9875
641,Tröllaheiðarvegamót,65.4672,-21.9143
642,Steinadalsheiðarvegamót,65.4582,-21.6802
643,Gilsfjarðarbrú,65.4248,-21.8935
644,Fremri Brekka,65.3578,-21.7824
645,Laugar,65.2443,-21.7690
646,Jörfi,65.0565,-21.4732
647,Fáskrúð (við rétt),65.1676,-21.7093
648,Búðardalur (hafnarbakki),65.1107,-21.7743
649,Ólafsvíkurvegamót,65.0220,-22.2139
650,Rauðamelsheiði,64.9599,-22.2373
651,Oddstaðaá,64.9074,-22.2189
652,Krossfjall,64.9324,-22.2422
653,Heggstaðir,64.8700,-22.1863
654,Vegamót 54/55,64.8253,-22.2745
655,Barnaborgarhraun,64.7617,-22.2619
656,Hítardalsvegamót,64.6882,-22.0949
657,Hafnarskógur,64.4994,-21.9347
658,"Hveragerði, Eden",63.9956,-21.1839
659,Ingólfshvoll,63.9627,-21.1282
660,Undir Ingólfsfjalli,63.9530,-21.0334
661,"Selfoss, slökkvistöð",63.9370,-20.9864
662,Sauðhúsvöllur,63.5829,-19.9287
663,Heimaland,63.6000,-19.9813
664,Steinar,63.5437,-19.6984
665,Stóraheiði (vegamót),63.4521,-19.0393
666,Vík (Skáli),63.4182,-19.0019
667,Kirkjubæjarklaustur (RARIK),63.7970,-18.0304
668,Skeiðarársandur,63.9492,-17.2228
669,Jökulsel (bílastæði),64.2558,-15.8630
670,Jökulsel (120m austar),64.2555,-15.8603
671,1.8km SA 670,64.2525,-15.8242
672,4.3km SA 670,64.2345,-15.7856
673,9.54km 285gr til 670,64.2336,-15.6703
674,Hrollaugsstaðir,64.1824,-15.7909
675,Lambsstaðir (vegamót),64.2843,-15.4661
676,Höfn-Hafnarnes,64.2797,-15.2034
677,Stokksnes,64.2393,-14.9791
678,Hvalnes,64.4024,-14.5412
679,Geithellur,64.5542,-14.6120
680,Djúpivogur,64.6539,-14.2983
681,Axarvegamót,64.7961,-14.5227
682,Berunes,64.6966,-14.2640
683,Fell í Breiðdal,64.8086,-14.0813
684,Stöðvarfjarðarbotn,64.8390,-13.9575
685,Stöðvarfjörður,64.8331,-13.8752
686,Tunguvegur-Fáskrúðsfjörður,64.9310,-14.0665
687,Vattarnes,64.9279,-13.6926
688,"Reyðarfjörður, á",65.0262,-14.2572
689,Fagridalur,65.1332,-14.3353
690,Mjóafjarðarvegamót,65.1925,-14.3425
691,3km suðvestan Egilsstaða,65.2483,-14.4365
692,3.04km sunnan Eiða,65.3461,-14.3528
693,Raufarhöfn,66.4618,-15.9510
694,Grjótnes,66.4745,-16.5564
695,Víkingavatn,66.0992,-16.8777
696,"Breiðavík, Tjörnesi",66.1792,-17.1693
697,,66.0283,-17.3516
698,,65.8578,-17.4009
699,Hof í Aðaldal,65.8549,-17.3762
700,"Mývatn, nyrst (útsýnisplan)",65.6602,-16.9754
701,Sunnan Grænavatns,65.7038,-17.6234
702,Stóru Tjarnir,65.7156,-17.7273
703,Grenivíkurvegamót,65.7477,-17.8922
704,Grenivíkurvegur,65.9145,-18.0744
705,"Akureyri, botnvegur",65.6696,-18.0502
706,Djúpárbakkavegamót,65.7577,-18.2304
707,Vatnsleysa,65.7236,-19.3748
708,Blönduós,65.6671,-20.2892
709,Elliðaár,64.0957,-21.7938
710,Heiðmörk,64.0785,-21.7865
711,Elliðavatn,64.0893,-21.7628
712,Fossvellir,64.0752,-21.6449
713,ÍR-Skálaplan,64.0431,-21.3738
714,ÍR-Skáli,64.0431,-21.3704
715,Sandahlíð,64.0744,-21.8355
716,Kapelluhraun,64.0382,-21.9933
717,Afstapahraun,63.9858,-22.1611
718,Tyrkjavörður,63.9614,-22.4501
719,Njarðvíkurhlið,63.9788,-22.5639
720,Ritunýpa,64.0389,-22.5870
721,Garðskagi,64.0814,-22.6923
722,Nesjar,63.9944,-22.7275
723,Flugvallarvegur,63.9801,-22.5602
724,Norðurhólar,64.1079,-21.8057
725,Hvammsvegur,64.0965,-21.8592
726,Arnarsetur,63.9056,-22.4211
727,Grindavík,63.8334,-22.4786
728,Berghraun,63.8202,-22.5508
729,Reykjanes,63.8256,-22.6722
730,Ögmundarhraun,63.8498,-22.2171
731,Krísuvík,63.8747,-22.0522
732,Sýslumörk,63.8598,-21.9167
733,Strandarkirkjuvegur,63.8380,-21.6689
734,Þorlákshöfn,63.8690,-21.3826
735,Þrengsli,63.9988,-21.4609
736,Arnarkrókur,64.0288,-21.6108
737,Stóra Kóngsfell,64.0130,-21.6672
738,Kristjánsdalir,63.9984,-21.7642
739,Skúlatúnsbrekka,63.9883,-21.8620
740,Óbrynnishólar,64.0053,-21.9111
741,Vellir,64.2038,-21.6705
742,Skálafellsvegamót,64.2085,-21.4412
743,Grafningsvegamót (útsýnisplan),64.2110,-21.2607
744,Gjábakkavegur (útsýnisplan),64.2480,-21.0243
745,Borgarhóll,64.1563,-21.0339
746,Steingrímsstöð,64.1293,-21.0123
747,Sauðatangi,64.1293,-21.1709
748,Minni Vellir,63.9837,-20.2147
749,Merkurhraun,64.0265,-19.8974
750,Árskógar,64.1314,-19.6420
751,Tungnaá,64.1813,-19.4310
752,Hraunvötn,64.2010,-18.6909
753,Kjalvötn,64.4248,-18.8117
754,Hágönguhraun,64.5122,-18.5114
755,Kvíslarvatn,64.5622,-18.4115
756,Nýidalur,64.7355,-18.0728
757,Laugafell,65.0275,-18.3321
758,Sjónarhóll,65.1443,-18.6383
759,Reyðarvatn,65.1053,-18.5269
760,Austurbugur,65.0614,-18.5027
761,Geldingsárdrög,65.0369,-18.1251
762,"Kiðagil, efst",65.0317,-17.8831
763,Krókdalur,65.1613,-17.4879
764,"Akureyri, bílaplan",65.6823,-18.0884
765,Moldhaugar,65.7434,-18.2010
766,Örbylgjustöð,65.4678,-18.6982
767,Flatartunguvegamót,65.4259,-19.1681
768,Friðmundarvötn,65.3254,-19.8039
769,Blöndulón,65.1465,-19.7175
770,Sandkúlufell,64.9922,-19.5782
771,Mosfell,64.6491,-19.5903
772,Árbúðir,64.6097,-19.6940
773,Bláfell,64.5299,-19.8575
774,Suðvestan Kerlingarfjallavegamót,64.7094,-19.4768
775,Mosfell,64.6297,-19.6349
776,Sandá,64.4066,-20.0486
777,Ármannsfell,64.2935,-21.0934
778,,64.5220,-20.8803
779,,64.6110,-20.7367
780,Austan Húsafells,64.7068,-20.7951
781,Kalmannstunga,64.7356,-20.8027
782,Hallmundarhraun,64.8355,-20.5910
783,Arnheiðarstaðir,64.6942,-21.2399
784,Úlfsstaðir,64.6655,-21.2438
785,Flókadalsvegamót,64.6112,-21.5180
786,Flugvallarvegamót,65.0754,-21.7765
787,Ofan Hjarðarfells,64.8802,-22.7563
788,Sæluhús,64.9325,-22.8339
789,Vegamót,64.9680,-22.8714
790,Búlandshöfði,64.9434,-23.4952
791,Fróðá,64.9052,-23.7852
792,Við flugvöll,64.9121,-23.8013
793,,64.9167,-23.8601
794,Bekkjahraun,64.8899,-23.9617
795,Snæfellsjökulsvegur,64.8677,-23.8954
796,Við Snæfellsjökul,64.8401,-23.8028
797,Klukkufoss,64.8705,-23.8629
798,Gufuskálamóða,64.8750,-23.9416
799,Öndverðarnes,64.8843,-24.0446
800,Purkhólar,64.7466,-23.8135
801,Hamraendar,64.8115,-23.5886
802,Kirkjuholt,64.8080,-23.0953
803,Hítarneskot,64.7128,-22.3442
804,Akrar,64.6457,-22.3643
805,Votmúli,63.9187,-21.0396
806,3.8 km frá SE,63.8982,-21.0709
807,Selfoss-suður,63.9236,-20.9923
808,Hrafnstóftir,63.8032,-20.4349
809,Safamýri,63.7714,-20.5173
810,Hólsá,63.7617,-20.5532
811,Keldur (vegamót),63.8250,-20.0879
812,Skógshraun (suður),63.8334,-19.9186
813,Skógshraun (norður),63.8554,-19.7826
814,Hungurfit (vegamót),63.8528,-19.5682
815,Botnafjöll (suður),63.9019,-19.4513
816,Hrafntinnuhraun,63.9423,-19.3853
817,Rauðufossafjöll,63.9822,-19.4550
818,Krakatindur,64.0170,-19.4508
819,"Landmannaleið, við Sauðleysuvatn",64.0387,-19.3408
820,Jökuldalir (árfarvegur),63.9815,-18.9091
821,Jökuldalir (á hæð),63.9803,-18.8860
822,Kálfasléttur,63.8557,-18.5760
823,Hraunból,63.8323,-17.8002
824,Stóra Borg,63.5105,-19.6274
825,Stóruborgarvegur,63.5233,-19.6062
826,Raufarfellsvegamót,63.5287,-19.6042
827,Raufarfell,63.5396,-19.5983
828,Ásólfsstaðavegamót,63.5572,-19.7979
829,Kross,63.6014,-20.2718
830,Múlakot,63.7166,-19.8900
831,Fljótsdalur,63.7110,-19.7332
832,Geldingalækur,63.8873,-20.2549
833,Húsagarður,63.9379,-20.1408
834,Skálholtsvegamót,64.0399,-20.4358
835,Bryðjuholt,64.1561,-20.3140
836,Foss,64.2453,-20.2118
837,Einholtsvegamót,64.2753,-20.2274
838,Miklaholtsvegamót,64.1723,-20.5057
839,Apavatn,64.1467,-20.7135
840,Vaðnes,64.0326,-20.9022
841,Hnausar,65.5082,-20.3433
842,Vegamót 767/768/769,65.7521,-19.1884
843,Hofsós,65.8958,-19.4100
844,Lónkot,66.0043,-19.3965
845,Heiði,66.0692,-19.2987
846,Barð,66.0573,-19.1153
847,Hraun,66.0988,-19.0814
848,Almenningsnöf,66.1570,-19.0492
849,Sauðanes,66.1853,-18.9531
850,Siglufjörður,66.1523,-18.9090
851,Knappsstaðir,65.9755,-18.9775
852,Móafell,65.9283,-18.9010
853,Lágheiði,65.9345,-18.8459
854,Kvíabrekkur,66.0150,-18.7691
855,Ólafsfjörður,66.0703,-18.6507
856,Dalvík,65.9668,-18.5306
857,Syðri Reistará,65.8190,-18.2371
858,Öngulsstaðir,65.5997,-18.0363
859,Brekka,65.6279,-18.0264
860,Guðrúnarstaðir,65.4834,-18.1493
861,Steinhólar,65.4067,-18.2265
862,Ytri Villingadalur,65.3276,-18.2807
863,Nálægt háheiði,65.1586,-18.1831
864,Reykir Fnjóskárdal,65.5854,-17.7722
865,Brúnagerði,65.6536,-17.8554
866,Ystafell,65.7832,-17.5806
867,Hjaltastaðir,65.7476,-17.5901
868,Lyngholt,65.6504,-17.5323
869,Arnarstaðir,65.5777,-17.4893
870,Sigurðarstaðir,65.5185,-17.4607
871,Bjarnastaðir,65.4334,-17.3553
872,Svartárkot,65.3487,-17.2591
873,Einarsstaðir,65.7375,-17.4093
874,Hofstaðir,65.5932,-17.1227
875,Dettifossvegamót,65.6604,-16.5488
876,Öskjuvegamót,65.6260,-16.2507
877,Víðidalur,65.5008,-15.9744
878,Kverkfjallavegamót,65.3524,-15.8406
879,Grjót,65.2306,-15.8986
880,Álftadalsfjöll,65.1102,-15.9917
881,Maríutungur,64.7039,-15.7044
882,Sauðhnjúkar,64.7730,-15.6595
883,Norðurdalsvegamót,65.0295,-14.9551
884,Hóll,65.5917,-14.2548
885,Unaás,65.5789,-14.0576
886,Bræðrabúð,65.5615,-13.9924
887,Borgarfjörður,65.5265,-13.8184
888,Höfn-Ósland,64.2442,-15.2064
889,Kolgríma,64.2476,-15.6707
890,Stemmulón,64.0687,-16.1294
891,Hof,63.9052,-16.7153
892,Svínafell,63.9700,-16.8621
893,Sólheimafjara,63.4524,-19.3467
894,Skógafjara,63.4905,-19.5478
895,Eskifjarðarbotn,65.0740,-14.0406
896,Neskaupstaður (austast),65.1476,-13.6665
897,Skálateigur III,65.1210,-13.8181
898,Norðfjörður,65.1270,-13.7743
899,Skíðaskáli,65.0665,-13.9010
900,Mjóafjarðarbotn,65.1880,-14.0171
901,Ofan Jöklasels,64.2682,-15.9710
902,Grímsfjall,64.4073,-17.2655
903,Grímsfjall (milli skála),64.4071,-17.2657
904,Skógafjara,63.4905,-19.5478
905,Dalatangi,65.2646,-13.5811
906,Dalatangi (tún),65.2477,-13.6034
907,"Brekka, Mjóafirði",65.2029,-13.7973
908,Öxi,64.8477,-14.6737
909,Lakavegamót,63.7629,-18.1197
910,Lambavatn,64.0592,-18.2855
911,Stórikrókur,63.9728,-18.3925
912,Kringlur (Galti),63.9737,-18.2753
913,Skjaldbreiðarhraun,64.4391,-20.8746
914,Skjaldbreiður (vegamót),64.4429,-20.7678
915,Rjúpnafell,64.4485,-20.6494
916,Hlöðufellsvegamót,64.4563,-20.5204
917,Skáli við Hlöðufell,64.3990,-20.5563
918,Rauðafell,64.3281,-20.5995
919,Efstastaðafjall,64.2781,-20.6578
920,Sandalda,64.3285,-20.0146
921,Hrunaheiðar,64.2982,-19.9254
922,Stóra Laxá,64.2561,-19.8367
923,Fossá,64.2180,-19.6834
924,Hjallar,64.2511,-19.4741
925,Landmælingavarða,64.3106,-19.3331
926,Dalsá,64.3908,-19.2453
927,Nálægt Kisu,64.4411,-19.0951
928,Fjórðungssandur,64.5056,-18.9702
929,Múlar (nálægt veðurathugunarstöð),64.6030,-19.0080
930,Illahraun,64.6073,-19.1121
931,Loðmundur,64.6542,-19.1392
932,Blágnípa,64.6865,-19.2443
933,Gýgjarfoss,64.6998,-19.3630
934,Kjalvegur,64.6563,-19.5695
935,Ofan Blönduvirkjunar,65.4070,-19.8204
936,Auðkúluvegamót,65.5097,-19.9432
937,Laxárvatn,65.5761,-20.1235
938,Hólabak,65.4949,-20.4087
939,Árnes,65.4488,-20.5696
940,Víðidalur,65.3688,-20.6477
941,Staðarbakki,65.2900,-20.8774
942,Grundarás,65.2334,-20.8292
943,Skárastaðir,65.1706,-20.7067
944,Austurá,65.0864,-20.5847
945,Arnarvatnsheiði,64.9883,-20.4882
946,Arnarvatn,64.9627,-20.3681
947,Hólmavatn,65.0397,-20.5464
948,Hvammur,65.4273,-20.2817
949,Grímstunga,65.3299,-20.1858
950,Sílavatnsás,65.2693,-20.1010
951,Hrafnvörðubotnar,65.1192,-19.9821
952,Gedduvatn,65.1879,-20.0055
953,Ofan Grímstungu,65.3050,-20.1803
954,Vesturhóp,65.5009,-20.6756
955,Ósar,65.6010,-20.6470
956,Nestá,65.6775,-20.6754
957,Stapar,65.6020,-20.8919
958,Viti,65.4907,-20.9839
959,Hvammstangi,65.3914,-20.9394
960,Sunnan við Nýjadal,64.6855,-18.1986
961,Norðan Tungnafellsjökuls,64.8123,-17.9242
962,Vonarskarðsvegamót,64.8255,-17.6805
963,Vestan Trölladyngju,64.8884,-17.5190
964,Bárðardalsvegamót,65.0001,-17.4329
965,Þríhyrningur,65.0095,-17.3231
966,Frambruni,65.0129,-17.1886
967,Dyngjufjöll ytri,65.0238,-17.0999
968,Dyngjufjallsdalur,64.9998,-17.0191
969,Kattbekingur,64.9690,-16.9628
970,Hrímalda,64.9383,-16.8630
971,Holuhraun,64.9142,-16.7484
972,Vaðalda,64.9666,-16.5753
973,Herðubreiðartögl,65.1095,-16.2813
974,Herðubreiðarlindir,65.2025,-16.1994
975,Lindaá,65.2288,-16.1862
976,Grafarlönd,65.2448,-16.1666
977,Ferjufjall,65.3159,-16.0831
978,Miðfell,65.3823,-16.1073
979,Lambafjöll,65.4459,-16.1933
980,Veggir,65.5268,-16.1641
981,Grjót,65.5846,-16.2189
982,Hólasandur,65.7234,-17.0735
983,Brúnahlíð,65.8388,-17.2935
984,Heiðarbót,65.9288,-17.3057
985,Tjörnes (vestanvert),66.1100,-17.2584
986,Tjörnestá,66.1992,-17.1403
987,Tjörnes (austanvert),66.1735,-16.9911
988,Þeistareykjavegamót,65.9611,-17.0222
989,Þeistareykjabunga,65.9136,-16.9689
990,Bæjarfjall,65.8610,-16.9866
991,Kvíhólafjöll,65.8178,-16.9778
992,Randir,65.7776,-17.0338
993,Búrfellshraun,65.6451,-16.7067
994,Búrfellshraun (austast),65.6487,-16.4004
995,Víðihóll,65.7141,-16.0421
996,Hólselsmelar,65.7440,-16.3346
997,Kjalarás,65.9889,-16.4100
998,Krossdalur,66.0753,-16.7249
999,Meiðavellir,66.0379,-16.5491
1000,Við Grænáshlíð,63.9784,-22.5644
1001,Keflavíkurvegur,64.0269,-22.1091
1002,Grindavíkurvegi,63.9610,-22.4205
1003,,63.9610,-22.4205
1004,Þorgeirsstaðir,64.3334,-14.9172
1005,193gr 4.8km fra HFN,64.2944,-15.1889
1006,Grænavatn,65.5342,-17.0054
1007,Fanntófell,64.5220,-20.8803
1008,Geitá,64.6110,-20.7367
1009,Gangnamannakofi,63.9505,-19.3641
1010,Skipalækur,65.2809,-14.4376
1011,"Seljavellir, Hornafirði",64.3090,-15.2104
1012,Golfvallarvegamót,64.0421,-22.6006
1013,Ofan við Fífubrekku,64.1362,-21.7532
1014,Hafravatnsvegur,64.1356,-21.7343
1015,Úlfarsfell,64.1369,-21.6988
1016,Hafravatn (nyrst),64.1384,-21.6635
1017,Hafravatn (fyrir miðju),64.1324,-21.6589
1018,Hafravatn (syðst),64.1270,-21.6468
1019,Malarnámsvegamót,64.1196,-21.6456
1020,Dalur,64.1055,-21.6419
1021,Selvatn,64.0992,-21.6267
1022,Rauður sumarbústaður,64.0910,-21.6495
1023,Lækjarbotnar,64.0785,-21.6542
1024,Heiðmerkurhlið,64.0816,-21.7009
1025,Heiðmerkurvegur,64.0753,-21.7202
1026,Heiðmerkurvegur,64.0694,-21.7349
1027,Heiðmerkurvegur,64.0627,-21.7428
1028,Heiðmerkurvegur,64.0591,-21.7592
1029,Borhola,64.0589,-21.7780
1030,Landmælingapunktur,64.0572,-21.7812
1031,Þjóðhátíðarlundur,64.0556,-21.7919
1032,Brautarholt,64.2345,-21.8193
1033,Heiðmerkurvegur,64.0558,-21.8076
1034,Heiðmerkurvegur,64.0563,-21.8211
1035,Heiðmerkurvegur,64.0515,-21.8373
1036,Vífilsstaðahlíð,64.0489,-21.8564
1037,Grunnuvatnavegamót,64.0562,-21.8678
1038,Vífilsstaðahlíð,64.0612,-21.8771
1039,Vífilsstaðahlíð,64.0683,-21.8857
1040,Vífilsstaðahlíð,64.0730,-21.8922
1041,Vífilsstaðahlíð,64.0734,-21.8904
1042,Vegamót 408/410,64.0819,-21.8789
1043,Kaldársel,64.0227,-21.8778
1044,Kaldárselsvegur,64.0325,-21.8976
1045,Kaldárselsvegur,64.0422,-21.9149
1046,Kaldárselsvegur,64.0527,-21.9257
1047,Kirkjugarður,64.0607,-21.9411
1048,Keflavíkurvegur,64.0722,-21.9386
1049,Keflavíkurvegur,64.0822,-21.9422
1050,Hafnarfjarðarvegur,64.0911,-21.9271
1051,Hafnarfjarðarvegur,64.0987,-21.9173
1052,Hafnarfjarðarvegur,64.1042,-21.9027
1053,Hafnarfjarðarvegur,64.1124,-21.9075
1054,Hafnarfjarðarvegur,64.1205,-21.9020
1055,Hafnarfjarðarvegur,64.1316,-21.8991
1056,Fíatplan,64.1292,-21.8710
1057,Réttarholtsskóli,64.1229,-21.8638
1058,Réttarholtsvegur,64.1327,-21.8558
1059,Smábátahöfn,64.1326,-21.8381
1060,Bíldshöfði 2,64.1245,-21.8351
1061,"Björgun, plan",64.1329,-21.8207
1062,Stórhöfði,64.1291,-21.8212
1063,Vesturlandsvegur,64.1238,-21.8081
1064,Vesturlandsvegur,64.1243,-21.7943
1065,Borgarvegur,64.1450,-21.7767
1066,Golfvallarhlið,64.1259,-21.7757
1067,Víkurvegur,64.1333,-21.7664
1068,"Tangarhöfði, plan",64.1260,-21.8184
1069,Suðurlandsvegur,64.1028,-21.7669
1070,Suðurlandsvegur,64.0994,-21.7525
1071,Bláfjallavegamót,64.0650,-21.5792
1072,Bláfjallavegur,64.0539,-21.6042
1073,Bláfjallavegur,64.0333,-21.6133
1074,Bláfjallavegur,64.0222,-21.6303
1075,"Vegamót 417 (Bláfjöll, HFJ, RVK)",64.0117,-21.6397
1076,Bláfjallavegur,63.9939,-21.6372
1077,Ármannsskálavegur,63.9803,-21.6522
1078,Bláfjallavegur,64.0125,-21.6683
1079,Bláfjallavegur,64.0089,-21.7106
1080,Bláfjallavegur,64.0076,-21.7456
1081,Bláfjallavegur,63.9907,-21.7786
1082,Bláfjallavegur,63.9793,-21.8189
1083,Bláfjallavegur,63.9884,-21.8617
1084,Vinnuvegur,64.0048,-21.8736
1085,Bláfjallavegur,64.0056,-21.9017
1086,Bláfjallavegur,64.0093,-21.9331
1087,Krýsuvíkurvegur,64.0202,-21.9550
1088,Krýsuvíkurvegur,64.0347,-21.9733
1089,Krýsuvíkurvegur,64.0507,-21.9847
1090,Krýsuvíkurvegur,63.9978,-21.9456
1091,Krýsuvíkurvegur,63.9761,-21.9517
1092,Stefánshöfði,63.9369,-21.9856
1093,Hverir,63.8942,-22.0522
1094,Krýsuvík,63.8697,-22.0489
1095,Krýsuvíkurvegur,63.8581,-22.0175
1096,Krýsuvíkurvegur,63.8603,-21.9128
1097,Herdísarvík,63.8683,-21.8219
1098,Við fjallshlíð,63.8767,-21.7303
1099,Fjær fjallshlíð,63.8786,-21.7039
1100,Fjær fjallshlíð,63.8778,-21.7014
1101,Fjær fjallshlíð,63.8772,-21.6992
1102,Fjær fjallshlíð,63.8725,-21.6942
1103,Fjær fjallshlíð,63.8617,-21.6872
1104,Fjær fjallshlíð,63.8550,-21.6828
1105,Nes,63.8303,-21.6756
1106,Krýsuvíkurvegur,63.8514,-21.6219
1107,Krýsuvíkurvegur,63.8739,-21.5497
1108,Krýsuvíkurvegur,63.8986,-21.4489
1109,Gamli Þorlákshafnarvegurinn,63.8856,-21.4047
1110,"Vegamót, Þorlákshafnarvegur",63.8686,-21.3825
1111,Þorlákshafnarvegur,63.9033,-21.3642
1112,,64.1079,-21.8049
1113,Þorlákshafnarvegur,63.9281,-21.3544
1114,Þorlákshafnarvegur,63.9481,-21.2811
1115,Þurá,63.9631,-21.2575
1116,Þorlákshafnarvegur,63.9781,-21.2275
1117,Þorlákshafnarvegur,63.9894,-21.2006
1118,Kambar (miðja),64.0067,-21.2169
1119,Kambabrún,64.0125,-21.2336
1120,Hellisheiði,64.0194,-21.3364
1121,Hveradalir,64.0189,-21.3975
1122,Bruni,64.0297,-21.4539
1123,Austan við Kaffistofu,64.0533,-21.4883
1124,Suðurlandsvegur,64.0594,-21.5150
1125,Norðan við Keflavík,64.0013,-22.5767
1126,Álftanes,64.1050,-22.0283
1127,Reykjavíkurflugvöllur,64.1287,-21.9325
1128,Laugarnes,64.1450,-21.8483
1129,Korpúlfsstaðir,64.1517,-21.8200
1130,"Vegamót, Vesturlands- og Þingvallavegur",64.1753,-21.6762
1131,Skeggjastaðir,64.2015,-21.5593
1132,Skálafell,64.2282,-21.4247
1133,Fellsendi,64.2415,-21.3508
1134,Vestan við Ármannsfell,64.2928,-21.0833
1135,Suðaustan við Ármannsfell,64.2998,-21.0240
1136,"Seljavellir, Hornafirði",64.3081,-15.2183
1137,Kiðagil,65.1185,-17.5656
1138,Bolöldur,64.0593,-21.5160
1139,Ólafsvík,64.8948,-23.7061
1140,Þórdísarstaðir,64.9942,-23.2146
1141,Ögur við Stykkishólm,65.0422,-22.8034
1142,Laxárdalsheiðarvegamót,65.2257,-21.1297
1143,Stóra Hvalsá,65.3728,-21.1951
1144,Hvalsá,65.6209,-21.3975
1145,Ögurnes,66.0537,-22.7549
1146,Álftafjörður,65.9675,-23.0842
1147,Ísafjörður,66.0756,-23.1223
1148,Gemlufallsheiði,65.9311,-23.4420
1149,Miðhlíð,65.4707,-23.5887
1150,Efribyggð (vegamót),65.1246,-22.1064
1151,Ytrafellsmúli,65.1437,-22.3150
1152,Víghólastaðir,65.1726,-22.4084
1153,Klofningur,65.2007,-22.5046
1154,Skarð,65.2807,-22.3218
1155,Fagridalur,65.3472,-22.0887
1156,Kambsnes,65.0701,-21.8307
1157,Vestan við vegamót KEF/GRV,63.9617,-22.4283
1158,Vatnsleysa,64.0133,-22.1817
1159,"Vegamót, Keflavík/Krýsuvík",64.0517,-21.9883
1160,Vestan við Vatnsenda,64.0862,-21.8155
1161,Rauðhólar,64.0960,-21.7397
1162,Valþjófsstaðir,66.2359,-16.4295
1163,Öxafjarðarheiði,66.1542,-16.1189
1164,Múlar,66.1797,-16.0134
1165,Öxafjarðarheiði (austur),66.1988,-15.8801
1166,Helgafell,66.1806,-15.9703
1167,Öxafjarðarheiði (vestur),66.1414,-16.3143
1168,Hofsárdalur,65.5851,-15.3396
1169,Langidalur,65.5159,-15.4836
1170,Þjóðfellsbungur,65.4601,-15.7685
1171,Kollseyrudalur,65.3180,-15.6282
1172,Jökuldalsheiði (austast),65.2957,-15.2745
1173,Fljótsdalur,65.1738,-14.6683
1174,Ofan Skriðuklausturs,65.0585,-14.9639
1175,Skriðuklaustur,65.0256,-14.9593
1176,Hallgeirsstaðir,65.5296,-14.5320
1177,Hrólfsstaðir,65.3924,-14.6837
1178,Hvanná II,65.3649,-14.8303
1179,Hjarðarhagi,65.3502,-14.9844
1180,Ysti Rjúkandi,65.3301,-15.0780
1181,Þorbjörn,63.8517,-22.4317
1182,Rauðafell,65.5539,-16.0008
1183,Bæjargröf,65.5920,-16.1151
1184,Grímstunga,65.6190,-16.1644
1185,Sellandafjall,65.4428,-17.0546
1186,Við hraunbrún,65.4990,-17.0228
1187,Út-Kinnar vegamót,65.8438,-17.5402
1188,Skjálfandi,65.9882,-17.6364
1189,Granastaðir,65.9202,-17.5729
1190,Aðaldalur,65.9026,-17.4555
1191,Draflastaðir,65.8443,-17.8872
1192,Grenivík,65.9466,-18.1813
1193,,65.7989,-18.0583
1194,"Vegamót, Þjóðvegur/Grenivíkurvegur",65.7981,-18.0606
1195,Kiðagil (mitt),65.0894,-17.6616
1196,Íshólsdalur,65.2787,-17.3729
1197,Merkigil,65.5486,-18.1141
1198,Foss,65.8162,-19.3311
1199,Þverá,65.6324,-19.3898
1200,Norðurárdalur,65.4642,-18.9224
1201,Reykir í Lundarreykjadal,64.4937,-21.1760
1202,Dragháls,64.4884,-21.5187
1203,Kvíslarvatn (suður),64.5244,-18.6610
1204,Dyrhólaey,63.4023,-19.1305
1205,,65.3891,-14.3409
1206,,65.3890,-14.3371
1207,Stokkseyri,63.8313,-21.0404
1208,,65.3888,-14.3341
1209,,65.3881,-14.3276
1210,,65.3869,-14.3215
1211,,65.3853,-14.3159
1212,,65.3833,-14.3111
1213,,65.3810,-14.3073
1214,,65.3784,-14.3044
1215,,65.3757,-14.3027
1216,,65.3729,-14.3021
1217,,65.3701,-14.3027
1218,,65.3674,-14.3044
1219,,65.3648,-14.3073
1220,,65.3625,-14.3112
1221,,65.3605,-14.3159
1222,,65.3589,-14.3215
1223,,65.3577,-14.3276
1224,,65.3570,-14.3341
1225,,65.3567,-14.3409
1226,,65.3570,-14.3476
1227,,65.3577,-14.3541
1228,,65.3589,-14.3603
1229,,65.3605,-14.3658
1230,,65.3625,-14.3706
1231,,65.3648,-14.3745
1232,,65.3674,-14.3773
1233,,65.3701,-14.3791
1234,,65.3729,-14.3797
1235,,65.3757,-14.3791
1236,,65.3784,-14.3773
1237,Kotströnd,63.9663,-21.1352
1238,,65.3810,-14.3745
1239,,65.3833,-14.3706
1240,,65.3853,-14.3658
1241,,65.3869,-14.3603
1242,,65.3873,-14.3585
1243,,65.3881,-14.3541
1244,,65.3888,-14.3476
1245,Stóraborg,64.0710,-20.7597
1246,Eyjólfsstaðir,65.1894,-14.4974
1247,Stokkseyri,63.8355,-21.0600
1248,Keldnaholt,63.8558,-20.9938
1249,Rútsstaðir,63.8618,-20.8983
1250,Óruttularholt,63.9037,-20.8140
1251,Skálmholt,63.9392,-20.6662
1252,Skeiðháholt,63.9755,-20.5458
1253,Stóra-Mástunga,64.0713,-20.1927
1254,,64.9157,-23.8540
1255,Landmælingavarða,64.9157,-23.8540
1256,Ingjaldshóll,64.2599,-15.5852
1257,Grenihlíð,64.1298,-21.6711
1258,Gróttubílaplan,64.1625,-22.0153
1259,,63.8508,-22.4518
1260,,64.2632,-15.3117
1261,,64.2740,-15.4121
1262,Einholt,64.2739,-15.4099
1263,Einholt,64.2734,-15.4028
1264,Fláajökulsvegur,64.2847,-15.5126
1265,Mýrar,64.2952,-15.6122
1266,Heinabergsjökull,64.2993,-15.6499
1267,,64.3057,-15.7126
1268,,64.3162,-15.8130
1269,,64.3266,-15.9136
1270,,64.3369,-16.0142
1271,Vatnajökull H-Lína,64.3471,-16.1150
1272,Vatnajökull H-Lína,64.3573,-16.2157
1273,Vatnajökull H-Lína,64.3674,-16.3166
1274,Vatnajökull H-Lína,64.3775,-16.4175
1275,Vatnajökull H-Lína,64.3875,-16.5185
1276,Vatnajökull H-Lína,64.3974,-16.6196
1277,Vatnajökull H-Lína,64.4072,-16.7208
1278,Vatnajökull H-Lína,64.4170,-16.8220
1279,Vatnajökull H-Lína,64.4267,-16.9233
1280,Vatnajökull H-Lína,64.4363,-17.0247
1281,Vatnajökull H-Lína,64.4459,-17.1261
1282,Vatnajökull H-Lína,64.4553,-17.2276
1283,Vatnajökull H-Lína,64.4648,-17.3292
1284,Vatnajökull H-Lína,64.4741,-17.4308
1285,Vatnajökull H-Lína,64.4834,-17.5325
1286,Vatnajökull H-Lína,64.4926,-17.6343
1287,Vatnajökull H-Lína,64.5017,-17.7362
1288,Vatnajökull H-Lína,64.5068,-17.7871
1289,Vatnajökull H-Lína,64.5108,-17.8381
1290,Vatnajökull H-Lína,64.5180,-17.9149
1291,,64.5198,-17.9401
1292,,64.5209,-17.9523
1293,Við upptök Sveðju,64.5244,-17.9973
1294,Við Sveðju,64.5287,-18.0421
1295,Sunnan við Hágöngulón,64.5380,-18.1443
1296,Hágöngur,64.5464,-18.2465
1297,Skrokkalda,64.5606,-18.4199
1298,Kvíslarvatn (mitt),64.5751,-18.5905
1299,Austurfjörur,64.2427,-15.1208
1300,,64.5411,-18.2505
1301,1.4km 206gr HFN,64.2637,-15.1987
1302,Hrauneyjar,64.1971,-19.2843
1303,,64.5904,-17.9115
1304,Þverholt,64.5808,-22.1677
1305,,65.1449,-13.7273
1306,,65.1463,-13.7188
1307,,65.1216,-13.7947
1308,,63.9561,-17.4739
1309,7.12km 071gr frá RF,64.8918,-23.9623
1310,7.56km 060gr frá RF,64.8787,-23.9583
1311,6.90km 050gr frá RF,64.8728,-23.9316
1312,6.65km 040gr frá RF,64.8669,-23.9102
1313,12.1km 035gr frá RF,64.8236,-23.9664
1314,13.8km 020gr frá RF,64.7962,-23.9194
1315,15.9km 010gr frá RF,64.7720,-23.8780
1316,18.3km 000gr frá RF,64.7483,-23.8198
1317,20.9km 295gr frá RF,64.8330,-23.4207
1318,18.1km 300gr frá RF,64.8310,-23.4887
1319,16.0km 310gr frá RF,64.8201,-23.5610
1320,15.4km 320gr frá RF,64.8066,-23.6109
1321,15.8km 330gr frá RF,64.7897,-23.6532
1322,18.2km 340gr frá RF,64.7590,-23.6887
1323,19.4km 350gr frá RF,64.7413,-23.7490
1324,Svínafellsaurar,64.3880,-15.3616
1325,,64.4118,-15.4883
1326,,64.4208,-15.5899
1327,,64.4297,-15.6916
1328,,64.4386,-15.7933
1329,,64.4474,-15.8952
1330,Vatnajökull S-lína,64.4560,-15.9970
1331,Vatnajökull S-lína,64.4647,-16.0990
1332,Vatnajökull S-lína,64.4732,-16.2010
1333,Vatnajökull S-lína,64.4817,-16.3030
1334,Vatnajökull S-lína,64.4901,-16.4052
1335,Vatnajökull S-lína,64.4985,-16.5074
1336,Vatnajökull S-lína,64.5068,-16.6097
1337,Vatnajökull S-lína,64.5150,-16.7120
1338,Vatnajökull S-lína,64.5231,-16.8145
1339,Vatnajökull S-lína,64.5312,-16.9168
1340,Vatnajökull S-lína,64.5392,-17.0194
1341,Vatnajökull S-lína,64.5471,-17.1220
1342,Vatnajökull S-lína,64.5550,-17.2245
1343,Vatnajökull S-lína,64.5628,-17.3273
1344,Vatnajökull S-lína,64.5704,-17.4300
1345,Vatnajökull S-lína,64.5781,-17.5329
1346,Vatnajökull S-lína,64.5857,-17.6357
1347,Vatnajökull S-lína,64.5899,-17.6869
1348,Vatnajökull S-lína,64.5931,-17.7385
1349,Vatnajökull S-lína,64.5961,-17.7863
1350,Vatnajökull S-lína,64.6006,-17.8415
1351,Vatnajökull S-lína,64.6038,-17.8848
1352,Vatnajökull S-lína,64.6079,-17.9446
1353,,64.6152,-18.0478
1354,,64.6352,-18.3367
1355,Norðan við Kistuöldu,64.6342,-18.3224
1356,,64.6464,-18.5020
1357,Þjórsárver (vegamót),64.6445,-18.4808
1358,,64.7083,-19.4756
1359,Markarfljót,63.6172,-20.0177
1360,,63.6333,-20.0708
1361,Bakkaflugvöllur,63.5594,-20.1455
1362,Kross,63.6067,-20.2594
1363,Úlfsey,63.6321,-20.3213
1364,,63.6609,-20.1608
1365,Strandarhjáleiga,63.6972,-20.2789
1366,Njálsbúð,63.6636,-20.3963
1367,Sparði,63.7078,-20.5025
1368,,63.7457,-20.4372
1369,Þykkvabæjarvegur,63.7711,-20.5198
1370,Þykkvibær,63.7483,-20.6004
1371,Háfshverfi,63.7900,-20.6966
1372,,63.8179,-20.6722
1373,Sýrlækur,63.8318,-20.7181
1374,Hólmasel,63.8110,-20.7508
1375,Dverghamar,63.8380,-20.8154
1376,Gafl,63.8497,-20.7761
1377,Rútsstaðavegamót,63.8736,-20.9011
1378,Súluholt 2,63.8880,-20.9007
1379,Austurkot,63.9135,-20.9839
1380,Votmúli,63.9124,-20.9945
1381,Byggðarhornsvegur,63.9111,-21.0156
1382,Votmúlavegamót,63.9187,-21.0396
1383,Stekkar,63.9062,-21.0638
1384,Vegamót (Selfoss/Eyrarbakki/Stokkseyri),63.8606,-21.1103
1385,Austan við Ölfursárbrú,63.8790,-21.1925
1386,Við Ölfusóssvatn,63.8871,-21.2743
1387,Þorlákshafnarvegamót,63.8917,-21.3639
1388,Krýsuvíkurvegamót,63.9278,-21.3627
1389,Hjallakirkja,63.9411,-21.2958
1390,Núpar,63.9713,-21.2410
1391,Bæjaþorpsvegamót,63.9888,-21.2023
1392,Svínafellsaurar,64.3804,-15.3637
1393,,64.3942,-15.3726
1394,Svínafellsaurar,64.3569,-15.3907
1395,Hoffellsvegur,64.3761,-15.3093
1396,Hoffellsárbrú,64.3715,-15.3025
1397,,64.3902,-15.3730
1398,Hornafjarðarfljótsaurar,64.3776,-15.3680
1399,Hornafjarðarfljótsaurar,64.3647,-15.3302
1400,,64.3885,-15.3695
1401,,64.3946,-15.3441
1402,,64.3857,-15.3820
1403,,64.3524,-15.3782
1404,,64.3524,-15.3782
1405,,64.3556,-15.3794
1406,Svínafellsaurar,64.3762,-15.4163
1407,,64.5374,-18.1946
1408,Stokksnesviti,64.2399,-14.9637
1409,,64.3968,-15.3831
1410,Grafarvegur,65.4099,-14.3414
1411,Grafarvegur,65.4090,-14.3316
1412,Við þjóðveg norðan Eiða,65.3883,-14.3371
1413,Gilsá við Hjartarstaði,65.4077,-14.3261
1414,Brennistaðavegur,65.4102,-14.3153
1415,Brennistaðavegur,65.4057,-14.3118
1416,Brennistaðavegur,65.3954,-14.3098
1417,Brennistaðavegur,65.3916,-14.3068
1418,1 km frá Skeiðarárjökulsbrún,63.9855,-17.4159
1419,Sléttaból,63.8058,-17.7901
1420,Melhóll,63.5789,-18.2682
1421,Sandar,63.4449,-18.5675
1422,Álftaver (vestur),63.5039,-18.4157
1423,Álftaver (austur),63.5318,-18.3624
1424,Við sjó,63.4045,-18.6249
1425,Meðallandsvegur,63.7141,-17.9965
1426,Flatey,64.2599,-15.5852
1427,Norðan Gilsárteigs,65.3856,-14.3046
1428,Norðan Gilsárteigs,65.3814,-14.3060
1429,Á Gilsárteigstúni,65.3778,-14.3090
1430,Á Gilsárteigstúni,65.3753,-14.3089
1431,Á Gilsárteigsvegi,65.3730,-14.3126
1432,Á Gilsárteigstúni,65.3726,-14.3006
1433,Gilsá við Ormsstaði,65.3700,-14.3006
1434,Ormsstaðir,65.3688,-14.3141
1435,Sunnan Ormsstaða,65.3675,-14.3135
1436,Sunnan Ormsstaða (stagstefna),65.3674,-14.3136
1437,Sunnan Ormsstaða,65.3656,-14.3110
1438,Sunnan Ormsstaða,65.3627,-14.3109
1439,Sunnan Ormsstaða,65.3625,-14.3108
1440,Sunnan Ormsstaða,65.3593,-14.3119
1441,Sunnan Ormsstaða,65.3595,-14.3118
1442,Sunnan Ormsstaða,65.3592,-14.3119
1443,Sunnan Ormsstaða,65.3587,-14.3118
1444,Ásgeirsstaðir(sumarbústaður),65.3507,-14.3097
1445,Ásgeirsstaðir(sumarbústaður),65.3498,-14.3102
1446,Sunnan Ásgeirsstaða,65.3416,-14.3137
1447,Sunnan Ásgeirsstaða,65.3354,-14.3195
1448,Tókastaðir,65.3322,-14.3201
1449,Sunnan Tókastaða,65.3288,-14.3217
1450,Sunnan Tókastaða,65.3133,-14.3400
1451,Breiðvaðsvegamót,65.3312,-14.3585
1452,Breiðvaðsvegur,65.3320,-14.3680
1453,Á þjóðvegi við flugvöll,65.2691,-14.4067
1454,Á akri austan við flugturn,65.2747,-14.4034
1455,Við Lagarfljótsbrú,65.2787,-14.4187
1456,Breiðvað,65.3317,-14.3771
1457,Eiðaþjóðvegur,65.3620,-14.3503
1458,Fljótsbakkavegamót,65.3638,-14.3498
1459,Fljótsbakkavegur,65.3637,-14.3524
1460,Hróarstunguvegamót,65.2985,-14.4458
1461,Fljótsbakkavegur,65.3619,-14.3609
1462,Hróarstunguvegur,65.3314,-14.4245
1463,"Suðaustan Skógargerðis, við Löginn",65.3389,-14.4099
1464,Fljótsbakkavegur,65.3619,-14.3726
1465,Skógargerðisvegur,65.3443,-14.4216
1466,Fljótsbakkavegur,65.3607,-14.3801
1467,Fljótsbakkavegur,65.3607,-14.3815
1468,Fljótsbakkavegur (stagstefna),65.3604,-14.3854
1469,Við Rangárbrú (utan vegar),65.3481,-14.4274
1470,Við Rangárbrú (á vegi),65.3482,-14.4270
1471,Fljótsbakki,65.3606,-14.3925
1472,Fljótsbakkatún,65.3610,-14.3900
1473,Fljótsbakkatún,65.3612,-14.3899
1474,Rangá,65.3545,-14.4171
1475,Norðan Fljótsbakka,65.3638,-14.3900
1476,Norðan Rangár,65.3608,-14.4209
1477,Norðan Rangár,65.3672,-14.4193
1478,Dagverðargerði,65.3730,-14.4140
1479,Norðan Dagverðargerðis,65.3779,-14.4078
1480,Norðan Dagverðargerðis,65.3828,-14.4058
1481,Vífilsstaðir (á þjóðvegi),65.3883,-14.4049
1482,Vífilsstaðir (á fljótsbakka),65.3876,-14.4017
1483,Norðan Vífilsstaða,65.3939,-14.4013
1484,Norðan Vífilsstaða,65.4025,-14.4013
1485,Norðan Vífilsstaða,65.4143,-14.3977
1486,Norðan Vífilsstaða,65.4145,-14.3980
1487,Sunnan við Straum,65.4327,-14.3932
1488,Vestan Kirkjubæjar,65.5107,-14.4127
1489,Búðarás,65.4723,-14.3845
1490,Gröf (sumarbústaður),65.4130,-14.3553
1491,Grafarvegur,65.4117,-14.3508
1492,Grafarvegur (stagstefna),65.4115,-14.3474
1493,,65.4104,-14.3435
1494,"Tangarhöfði 2, þakgluggi",64.1258,-21.8178
1495,Bílastæði Tangarhöfða,64.1259,-21.8179
1496,,64.2538,-15.8640
1497,Grímsfjall (skáli),64.4068,-17.2658
1498,Vattarnes (austanvert),64.9192,-13.6854
1499,VR2 skrifstofugluggi,64.1386,-21.9553
